{
  "log_id": 1471042863727070792,
  "results": [
    {
      "location": {
        "height": 198,
        "left": 283,
        "top": 99,
        "width": 164
      },
      "mask": "eWa4m0`?000000000O1N3L3M4J6L3M3O2M2O1O2O0O2O001O1O1O1N3N1O2N1O1N101O000O101O0O1O1O2N1O1O1O2N2O1N3N2M3N1O1N2O1O001N2O1O1O1O2M3N2N1N2O1N21O0O11O0O2O>A3M2N2O1N1O1O100O9H7H3N2M4M8HO1O1O1O2N1O001O1O001O001O00001O1O2N1O2N4L2N2N2N1O1O1O001O001O001O00000000001O1O001O1O1O1O1O2N1O1O2N1O2N3M2N3M3M2N1O1nMXC=i<fNWC43T1f<gNZC22V1e<fN[C223H<l<]O\\C224F=m<[O]C224F>l<YO_C306E>m<VObC206Da0l<ROeC4M7Db0f=SOiB8Ec0^>XOhAe0T?L9G6J^he0",
      "name": "yellow",
      "score": 0.9011638760566711
    },
    {
      "location": {
        "height": 70,
        "left": 135,
        "top": 155,
        "width": 59
      },
      "mask": "boY21Y`04N2L5N2N13M2N02N3L4MO01O01O1010O5K0000O10O01002O1N000O1O1O2O00001O0000O10000000O10012L01O1O001O00Yoc4",
      "name": "p",
      "score": 0.8796783685684204
    },
    {
      "location": {
        "height": 133,
        "left": 108,
        "top": 89,
        "width": 146
      },
      "mask": "V`g1m0`?0000000O1O001O1N2O1O1O100O100O10000O2N101N1XAgNZ>\\1bAgN]>Z1`AjN_>c1N1O100O010O1O100O100O10O1M3M3O1N110O100O1000O2N3N1N3N2M6K7H2O1O0O10O001O0001O001O010O100000000000001O000000001O001O001O001O0O11O000O100O101N100O10000O2O001N101O000O2O001O0O2O1N101N2N2N2O0O3N1N2N3M4L6I7eNUAf0]?F9M3M3N2NS^l3",
      "name": "red",
      "score": 0.7445257902145386
    },
    {
      "location": {
        "height": 197,
        "left": 56,
        "top": 85,
        "width": 183
      },
      "mask": "`aQ18n?:]Ob0H9E;I8I6K4K5M3L4N1N3M2N3M2N3M2M3N3L3N8G2O1O1O1N2O1N2N2N2O1N200O1O1O100O100O1O100O1O1O1N2O1O1O1O1O1O1O1O1N2O1N2O1N2O1OJ610O1N101N2M3M3M3N2O1O001O100O1O10OO2O1O1M2M4N2N2N1O2O1O000O100O1O1N2N2M3N2N3^OYC\\Mh<b2c0O02O1N3N2N3L3N1N1O2O0O2N1O10O1O1O2N100O1O100O1O100O101O0001O01O00010O000001O01O0O001O1O1O1O00100O010O01O12M2O2M3N2M2O2M3M2N2N2N2N2N100000000000eol3",
      "name": "red",
      "score": 0.7339676022529602
    }
  ]
}